id;request;response;started_at;time
1;navigating;Vermont;2021-12-13T23:27:30;2752
2;SSL alarm;5th;2021-12-14T00:18:28;16996
3;Granite;deposit;2021-12-13T12:48:29;48600
4;Metal Cambridgeshire well-modulated;input Quality benchmark;2021-12-13T08:56:22;25009
5;schemas Malta;capacity Developer Inlet;2021-12-13T14:28:26;35605
6;intangible;Buckinghamshire Applications Granite;2021-12-13T08:28:14;1142
7;hack;Small Dakota;2021-12-14T00:19:28;89239
8;array Rustic;relationships Handcrafted Dynamic;2021-12-13T12:25:17;50806
9;Auto Intelligent;reboot;2021-12-13T08:34:32;36566
10;indexing user-facing Profit-focused;XSS Rubber Missouri;2021-12-13T17:20:13;1386
