id;whonet_org_code;organism;taxonomic_status;common;organism_type;anaerobe;morphology;subkingdom_code;family_code;genus_group;genus_code;species_group;serovar_group;msf_grp_clin;sct_code;sct_text;dwc_taxon_id;dwc_taxonomic_status;gbif_taxon_id;gbif_dataset_id;gbif_taxonomic_status;kingdom;phylum;organism_class;jhi_order;family;genus
1;functionalities;Re-engineered;Key Buckinghamshire;Wooden;Account Handmade Towels;revolutionize Towels;bricks-and-clicks plum;Configurable;generating Unbranded;frictionless Innovative;Cambridgeshire Som;Accounts Gorgeous;whiteboard array;markets Nauru;turquoise Awesome;Port;Peso optimize Gorgeous;sensor Loan Berkshire;Dale reinvent;generation;parsing;optical;Distributed;bandwidth Tools;generating parse 1080p;intermediate Granite silver;Village
2;Loan;Sum compress;extend Islands;synthesizing Future;RAM JSON;up database Saint;up Dirham AI;transmitter Berkshire;strategy panel Garden;Tactics Village Curve;Avon;Dakota;protocol AGP Centralized;even-keeled up;Balanced functionalities whiteboard;Group Avon Loan;Soap;Buckinghamshire 1080p;Wooden Facilitator Jewelery;Forint optical;Creek SMS;withdrawal Belgium methodology;Points;schemas programming Fish;copy;Awesome feed Human;compress quantifying
3;B2C;indexing portals Legacy;Loan Gloves transform;hack;application state;Arizona Home;Creek Borders;parse morph Administrator;Shoes Designer turquoise;functionalities Qatari morph;Accountability Dollar;XML Direct;Health Lead Administrator;HTTP;Jamaica Advanced strategic;Object-based;Bedfordshire Refined;Bedfordshire;Functionality calculating Awesome;value-added protocol;Officer;PCI bandwidth Brazilian;Table Buckinghamshire efficient;De-engineered;Throughway;incubate Palladium Sports;CSS
4;Games Outdoors online;Refined Consultant;Isle info-mediaries;Fresh;Optimized;Fresh;Dale Gabon;hard;bluetooth Cambridgeshire mint;Licensed Union International;Plastic transition Ethiopia;parse portals synthesizing;Data Granite;Associate;Books Operations;help-desk Fresh Director;Organized deposit synergy;circuit neural;Handcrafted Small Checking;Account Product;orange Mountain;Account Communications withdrawal;navigating SMS;payment withdrawal Island;Handcrafted;full-range Baby;Sports throughput
5;Azerbaijanian;Progressive Michigan;Optional sticky;strategize matrix;invoice cross-platform;neural-net Peso deposit;implement Mandatory Dynamic;Communications;Optimization;Illinois salmon firmware;generate;Alaska generating Avon;optical Haiti;Villages Kansas Central;Steel Cloned;Loan Integration seamless;AI Rubber;turquoise sky;secondary;bandwidth Radial Chair;International logistical;Sudan Technician;Wooden backing;Fully-configurable deposit;District PNG Krone;auxiliary compressing;Tennessee
6;black deposit service-desk;Borders;Tuna card Polarised;asynchronous Supervisor;multi-tasking;Frozen;EXE;Account enable;Chicken intelligence Officer;Agent quantifying Ranch;Rustic Table RSS;embrace;Tasty synthesize functionalities;(Keeling) Associate;Nakfa;Guadeloupe Shoes;connecting azure;Customer;sky area;Bacon;Rapid invoice Incredible;intranet mobile;Digitized Computer methodologies;tan bluetooth;Sports;alarm;Steel
7;help-desk;hacking Cambridgeshire panel;Fish;deposit Sausages Ergonomic;Personal Clothing;Gorgeous;Virginia Senior;dynamic connect Cove;Cambridgeshire;Pants calculate virtual;Directives Reactive Virtual;system Berkshire;Fresh Savings Supervisor;Kip National Jewelery;user-centric Associate;Tasty Compatible Universal;client-server;system technologies;content lime vertical;Cambridgeshire;generating Facilitator;complexity International;Toys indexing;blue Islands;Vista Frozen;Legacy revolutionary migration;bandwidth
8;Licensed;synthesize;Wooden Buckinghamshire;Facilitator Road;Movies Assistant;innovate 5th;Handcrafted Mouse bricks-and-clicks;Pound;Arizona SQL;Reunion synthesize;white invoice;harness;Ridge Reunion;mission-critical system Phased;connecting transmitting Cloned;Dong;up teal payment;bypassing wireless haptic;Planner Realigned plum;teal Architect;Customer Awesome THX;Soft robust deposit;microchip;initiative Liaison Analyst;e-markets AGP end-to-end;Universal channels RAM;matrix Table Health
9;Small users empowering;Ukraine Applications;Berkshire Credit Montana;ivory;Philippines deposit;Berkshire Frozen;Profit-focused hacking;Total bypass Bedfordshire;Roads;Frozen;compress;Monitored invoice Account;Handmade best-of-breed circuit;Cotton Bahamian payment;drive Brand capacitor;non-volatile Harbors Dynamic;target schemas;online Croatia Practical;Berkshire convergence open-source;compress indexing;Tasty Wooden;port override;coherent;Developer deposit;Account;Implementation Berkshire;Drives
10;Frozen Honduras up;transmit project;Home;withdrawal Rustic exuding;Accounts azure holistic;Beauty;Accounts;mindshare Dram;Soft state payment;Ergonomic;Kwacha;recontextualize Road;e-markets Gorgeous Buckinghamshire;Meadows;program;bypass;JSON program contingency;Rustic tertiary;Sleek Clothing Loan;Buckinghamshire Representative;XML;content;Nakfa National;Montana Avon;Clothing Automotive;Virtual frame;deposit Marketing Internal
